INSERT INTO main.users
    (id, uuid, name)
    VALUES
    (- 1, '00000000-0000-0000-0000-000000000001', 'Test 1'),
    (- 2, '00000000-0000-0000-0000-000000000002', 'Test 2'),
    (- 3, '00000000-0000-0000-0000-000000000003', 'Test 3'),
    (- 4, '00000000-0000-0000-0000-000000000004', 'Test 4'),
    (- 5, '00000000-0000-0000-0000-000000000005', 'Test 5'),
    (- 6, '00000000-0000-0000-0000-000000000006', 'Test 6'),
    (- 7, '00000000-0000-0000-0000-000000000007', 'Test 7'),
    (- 8, '00000000-0000-0000-0000-000000000008', 'Test 8'),
    (- 9, '00000000-0000-0000-0000-000000000009', 'Test 9'),
    (-10, '00000000-0000-0000-0000-000000000010', 'Test 10');

INSERT INTO main.users_sessions
    (user_id, access_token, refresh_token)
    VALUES
    (- 1, '0000000000000000000000000000000000000001', '0000000000000000000000000000000000000001'),
    (- 2, '0000000000000000000000000000000000000002', '0000000000000000000000000000000000000002'),
    (- 3, '0000000000000000000000000000000000000003', '0000000000000000000000000000000000000003'),
    (- 4, '0000000000000000000000000000000000000004', '0000000000000000000000000000000000000004'),
    (- 5, '0000000000000000000000000000000000000005', '0000000000000000000000000000000000000005'),
    (- 6, '0000000000000000000000000000000000000006', '0000000000000000000000000000000000000006'),
    (- 7, '0000000000000000000000000000000000000007', '0000000000000000000000000000000000000007'),
    (- 8, '0000000000000000000000000000000000000008', '0000000000000000000000000000000000000008'),
    (- 9, '0000000000000000000000000000000000000009', '0000000000000000000000000000000000000009'),
    (-10, '0000000000000000000000000000000000000010', '0000000000000000000000000000000000000010');

INSERT INTO main.users_networks
    (user_id, user_network_id, network_id)
    VALUES
    (- 1, - 1, 1),
    (- 2, - 2, 1),
    (- 3, - 3, 1),
    (- 4, - 4, 1),
    (- 5, - 5, 1),
    (- 6, - 6, 1),
    (- 7, - 7, 1),
    (- 8, - 8, 1),
    (- 9, - 9, 1),
    (-10, -10, 1);
